ลำดับ,รหัส อปท.,ชื่ออปท.,ประเภท,อำเภอ,จังหวัด,ภูมิภาค,เว็บไซต์ของเทศบาล
1,04350102,เทศบาลเมืองยโสธร,เทศบาลเมือง,เมืองยโสธร,ยโสธร,ตะวันออกเฉียงเหนือ,https://yasocity.go.th/
2,03950102,เทศบาลนครยะลา,เทศบาลนคร,เมืองยะลา,ยะลา,ใต้,https://www.yalacity.go.th/event.php
3,04670501,เทศบาลเมืองวิเชียรบุรี,เทศบาลเมือง,วิเชียรบุรี,เพชรบูรณ์,กลาง,https://www.wichainburee.go.th/home
4,04341501,เทศบาลเมืองวารินชำราบ,เทศบาลเมือง,วารินชำราบ,อุบลราชธานี,ตะวันออกเฉียงเหนือ,https://www.warincity.go.th/
5,04530102,เทศบาลเมืองอุตรดิตถ์,เทศบาลเมือง,เมืองอุตรดิตถ์,อุตรดิตถ์,เหนือ,https://www.uttaraditcity.go.th/home
6,04610102,เทศบาลเมืองอุทัยธานี,เทศบาลเมือง,เมืองอุทัยธานี,อุทัยธานี,กลาง,https://www.uthaicity.go.th/home
7,03410102,เทศบาลนครอุดรธานี,เทศบาลนคร,เมืองอุดรธานี,อุดรธานี,ตะวันออกเฉียงเหนือ,https://www.udoncity.go.th/frontend/web/
8,04230102,เทศบาลเมืองตราด,เทศบาลเมือง,เมืองตราด,ตราด,ตะวันออก,https://www.tratcity.go.th/
9,03920102,เทศบาลนครตรัง,เทศบาลนคร,เมืองตรัง,ตรัง,ใต้,https://www.trangcity.go.th/
10,04501301,เทศบาลเมืองต้นเปา,เทศบาลเมือง,สันกำแพง,เชียงใหม่,เหนือ,https://www.tonpao.go.th/view_data.php?main=box_menu&id=30
11,04390102,เทศบาลเมืองหนองบัวลำภู,เทศบาลเมือง,เมืองหนองบัวลำภู,หนองบัวลำภู,ตะวันออกเฉียงเหนือ,https://www.tm-nbp.go.th/event2
12,04901106,เทศบาลเมืองทุ่งตำเสา,เทศบาลเมือง,หาดใหญ่,สงขลา,ใต้,https://www.thungtamsao.go.th/contactus
13,04800901,เทศบาลเมืองทุ่งสง,เทศบาลเมือง,ทุ่งสง,นครศรีธรรมราช,ใต้,https://www.thungsongcity.go.th/frontpage
14,04220303,เทศบาลเมืองท่าใหม่,เทศบาลเมือง,ท่าใหม่,จันทบุรี,ตะวันออก,https://www.thamaicity.go.th/
15,04130201,เทศบาลเมืองท่าโขลง,เทศบาลเมือง,คลองหลวง,ปทุมธานี,กลาง,https://www.thakhlong.go.th/public/
16,04430201,เทศบาลเมืองท่าบ่อ,เทศบาลเมือง,ท่าบ่อ,หนองคาย,ตะวันออกเฉียงเหนือ,https://www.thabo-mu.go.th/
17,04630102,เทศบาลเมืองตาก,เทศบาลเมือง,เมืองตาก,ตาก,ตะวันตก,https://www.tessabantak.go.th/index.php
18,04560501,เทศบาลเมืองดอกคำใต้,เทศบาลเมือง,ดอกคำใต้,พะเยา,เหนือ,https://www.tessabandokkhamtai.go.th/
19,04220103,เทศบาลเมืองท่าช้าง,เทศบาลเมือง,เมืองจันทบุรี,จันทบุรี,ตะวันออก,https://www.tccity.go.th/
20,04240102,เทศบาลเมืองฉะเชิงเทรา,เทศบาลเมือง,เมืองฉะเชิงเทรา,ฉะเชิงเทรา,ตะวันออก,https://www.tbmccs.go.th/landing-page
21,04660401,เทศบาลเมืองตะพานหิน,เทศบาลเมือง,ตะพานหิน,พิจิตร,กลาง,https://www.taphanhin.go.th/home
22,04940701,เทศบาลเมืองตะลุบัน,เทศบาลเมือง,สายบุรี,ปัตตานี,ใต้,https://www.talubun.go.th/
23,04820501,เทศบาลเมืองตะกั่วป่า,เทศบาลเมือง,ตะกั่วป่า,พังงา,ใต้,https://www.takuapacity.go.th/frontpage
24,04600701,เทศบาลเมืองตาคลี,เทศบาลเมือง,ตาคลี,นครสวรรค์,กลาง,https://www.takhlicity.go.th/event.php
25,04841701,เทศบาลเมืองท่าข้าม,เทศบาลเมือง,พุนพิน,สุราษฎร์ธานี,ใต้,https://www.takhamcity.go.th/frontpage
26,04170201,เทศบาลเมืองบางระจัน,เทศบาลเมือง,บางระจัน,สิงห์บุรี,กลาง,https://www.t-bangrachan.go.th/home
27,03840102,เทศบาลนครสุราษฎร์ธานี,เทศบาลนคร,เมืองสุราษฎร์ธานี,สุราษฎร์ธานี,ใต้,https://www.suratcity.go.th/
28,04720102,เทศบาลเมืองสุพรรณบุรี,เทศบาลเมือง,เมืองสุพรรณบุรี,สุพรรณบุรี,กลาง,https://www.suphancity.go.th/
29,04910102,เทศบาลเมืองสตูล,เทศบาลเมือง,เมืองสตูล,สตูล,ใต้,https://www.stm.go.th/
30,04200702,เทศบาลเมืองศรีราชา,เทศบาลเมือง,ศรีราชา,ชลบุรี,ตะวันออก,https://www.srirachacity.go.th/home
31,03900102,เทศบาลนครสงขลา,เทศบาลนคร,เมืองสงขลา,สงขลา,ใต้,https://www.songkhlacity.go.th/event.php?v=2
32,03470102,เทศบาลนครสกลนคร,เทศบาลนคร,เมืองสกลนคร,สกลนคร,ตะวันออกเฉียงเหนือ,https://www.skc.go.th/
33,04640501,เทศบาลเมืองศรีสัชนาลัย,เทศบาลเมือง,ศรีสัชนาลัย,สุโขทัย,กลาง,https://www.sisatcity.go.th/home
34,04901501,เทศบาลเมืองสิงหนคร,เทศบาลเมือง,สิงหนคร,สงขลา,ใต้,https://www.singhanakorn.go.th/contactus
35,04640701,เทศบาลเมืองสวรรคโลก,เทศบาลเมือง,สวรรคโลก,สุโขทัย,กลาง,https://www.sawankhalokcity.go.th/home
36,04950103,เทศบาลเมืองสะเตงนอก,เทศบาลเมือง,เมืองยะลา,ยะลา,ใต้,https://www.satengnok.go.th/
37,03110102,เทศบาลนครสมุทรปราการ,เทศบาลนคร,เมืองสมุทรปราการ,สมุทรปราการ,กลาง,https://www.samutprakancity.go.th/home/landing/
38,04730603,เทศบาลเมืองสามพราน,เทศบาลเมือง,สามพราน,นครปฐม,กลาง,https://www.sampran.go.th/
39,03740102,เทศบาลนครสมุทรสาคร,เทศบาลนคร,เมืองสมุทรสาคร,สมุทรสาคร,กลาง,https://www.sakhoncity.go.th/
40,04270102,เทศบาลเมืองสระแก้ว,เทศบาลเมือง,เมืองสระแก้ว,สระแก้ว,ตะวันออก,https://www.sakaeocity.go.th/index.php
41,04200103,เทศบาลเมืองแสนสุข,เทศบาลเมือง,เมืองชลบุรี,ชลบุรี,ตะวันออก,https://www.saensukcity.go.th/
42,03210102,เทศบาลนครระยอง,เทศบาลนคร,เมืองระยอง,ระยอง,ตะวันออก,https://www.rayongcity.go.th/
43,03130301,เทศบาลนครรังสิต,เทศบาลนคร,ธัญบุรี,ปทุมธานี,กลาง,https://www.rangsit.org/
44,04730601,เทศบาลเมืองไร่ขิง,เทศบาลเมือง,สามพราน,นครปฐม,กลาง,https://www.raikhing.go.th/myhome
45,04201101,เทศบาลเมืองปรกฟ้า,เทศบาลเมือง,เกาะจันทร์,ชลบุรี,ตะวันออก,https://www.prokfa.go.th/
46,04110109,เทศบาลเมืองแพรกษาใหม่,เทศบาลเมือง,เมืองสมุทรปราการ,สมุทรปราการ,กลาง,https://www.preakasamai.go.th/public/
47,04520106,เทศบาลเมืองพิชัย,เทศบาลเมือง,เมืองลำปาง,ลำปาง,เหนือ,https://www.pichaicity.go.th/
48,03830102,เทศบาลนครภูเก็ต,เทศบาลนคร,เมืองภูเก็ต,ภูเก็ต,ใต้,https://www.phuketcity.go.th/new/frontpage
49,04540102,เทศบาลเมืองแพร่,เทศบาลเมือง,เมืองแพร่,แพร่,เหนือ,https://www.phraecity.go.th/frontpage
50,04700701,เทศบาลเมืองโพธาราม,เทศบาลเมือง,โพธาราม,ราชบุรี,ตะวันตก,https://www.photharam.go.th/
51,04660102,เทศบาลเมืองพิจิตร,เทศบาลเมือง,เมืองพิจิตร,พิจิตร,กลาง,https://www.phichitmuni.go.th/home
52,04820102,เทศบาลเมืองพังงา,เทศบาลเมือง,เมืองพังงา,พังงา,ใต้,https://www.phangngacity.go.th/frontpage
53,04140801,เทศบาลเมืองผักไห่,เทศบาลเมือง,ผักไห่,พระนครศรีอยุธยา,กลาง,https://www.phakhai.go.th/
54,04940102,เทศบาลเมืองปัตตานี,เทศบาลเมือง,เมืองปัตตานี,ปัตตานี,ใต้,https://www.pattanicity.go.th/frontpage
55,04830201,เทศบาลเมืองป่าตอง,เทศบาลเมือง,กะทู้,ภูเก็ต,ใต้,https://www.patongcity.go.th/intro_1/
56,04620406,เทศบาลเมืองปางมะค่า,เทศบาลเมือง,ขาณุวรลักษบุรี,กำแพงเพชร,กลาง,https://www.pangmaka.go.th/home
57,04800103,เทศบาลเมืองปากพูน,เทศบาลเมือง,เมืองนครศรีธรรมราช,นครศรีธรรมราช,ใต้,https://www.pakpooncity.go.th/homepage.html
58,04801201,เทศบาลเมืองปากพนัง,เทศบาลเมือง,ปากพนัง,นครศรีธรรมราช,ใต้,https://www.pakphanangtown.go.th/frontpage
59,04302101,เทศบาลเมืองปากช่อง,เทศบาลเมือง,ปากช่อง,นครราชสีมา,ตะวันออกเฉียงเหนือ,https://www.pakchongcity.go.th/main/
60,03740201,เทศบาลนครอ้อมน้อย,เทศบาลนคร,กระทุ่มแบน,สมุทรสาคร,กลาง,https://www.omnoi.go.th/myhome
61,03600102,เทศบาลนครนครสวรรค์,เทศบาลนคร,เมืองนครสวรรค์,นครสวรรค์,กลาง,https://www.nsm.go.th/event_every_year/newmom2021/prateb2024.php
62,04410104,เทศบาลเมืองหนองสำโรง,เทศบาลเมือง,เมืองอุดรธานี,อุดรธานี,ตะวันออกเฉียงเหนือ,https://www.nongsamrong.go.th/event
63,04620109,เทศบาลเมืองหนองปลิง,เทศบาลเมือง,เมืองกำแพงเพชร,กำแพงเพชร,กลาง,https://www.nongplingcitykpp.go.th/home
64,04250217,เทศบาลเมืองหนองกี่,เทศบาลเมือง,กบินทร์บุรี,ปราจีนบุรี,ตะวันออก,https://www.nongkee.go.th/
65,04260102,เทศบาลเมืองนครนายก,เทศบาลเมือง,เมืองนครนายก,นครนายก,กลาง,https://www.nayokcity.go.th/
66,04841201,เทศบาลเมืองนาสาร,เทศบาลเมือง,บ้านนาสาร,สุราษฎร์ธานี,ใต้,https://www.nasancity.go.th/content/board/5
67,04960102,เทศบาลเมืองนราธิวาส,เทศบาลเมือง,เมืองนราธิวาส,นราธิวาส,ใต้,https://www.naracity.go.th/event.php
68,04310401,เทศบาลเมืองนางรอง,เทศบาลเมือง,นางรอง,บุรีรัมย์,ตะวันออกเฉียงเหนือ,https://www.nangrongmuni.go.th/
69,04670102,เทศบาลเมืองเพชรบูรณ์,เทศบาลเมือง,เมืองเพชรบูรณ์,เพชรบูรณ์,กลาง,https://www.nakornban.net/home/home.php
70,03630601,เทศบาลนครแม่สอด,เทศบาลนคร,แม่สอด,ตาก,ตะวันตก,https://www.nakhonmaesotcity.go.th/webs/main.php
71,03800102,เทศบาลนครนครศรีธรรมราช,เทศบาลนคร,เมืองนครศรีธรรมราช,นครศรีธรรมราช,ใต้,https://www.nakhoncity.org/
72,04141201,เทศบาลเมืองเสนา,เทศบาลเมือง,เสนา,พระนครศรีอยุธยา,กลาง,https://www.muangsena.go.th/event.php
73,04130102,เทศบาลเมืองปทุมธานี,เทศบาลเมือง,เมืองปทุมธานี,ปทุมธานี,กลาง,https://www.muangpathum.org/
74,04301402,เทศบาลเมืองเมืองปัก,เทศบาลเมือง,ปักธงชัย,นครราชสีมา,ตะวันออกเฉียงเหนือ,https://www.muangpak1.com/
75,04710102,เทศบาลเมืองกาญจนบุรี,เทศบาลเมือง,เมืองกาญจนบุรี,กาญจนบุรี,ตะวันตก,https://www.muangkancity.go.th/public/
76,04500601,เทศบาลเมืองเมืองแกนพัฒนา,เทศบาลเมือง,แม่แตง,เชียงใหม่,เหนือ,https://www.muangkaen.go.th/index.php
77,04650122,เทศบาลเมืองอรัญญิก,เทศบาลเมือง,เมืองพิษณุโลก,พิษณุโลก,กลาง,https://www.muangaranyik.go.th/home
78,04320102,เทศบาลเมืองสุรินทร์,เทศบาลเมือง,เมืองสุรินทร์,สุรินทร์,ตะวันออกเฉียงเหนือ,https://www.mosurin.go.th/home
79,04580102,เทศบาลเมืองแม่ฮ่องสอน,เทศบาลเมือง,เมืองแม่ฮ่องสอน,แม่ฮ่องสอน,เหนือ,https://www.mmhs.go.th/
80,04160102,เทศบาลเมืองลพบุรี,เทศบาลเมือง,เมืองลพบุรี,ลพบุรี,กลาง,https://www.lopburicity.go.th/
81,04420102,เทศบาลเมืองเลย,เทศบาลเมือง,เมืองเลย,เลย,ตะวันออกเฉียงเหนือ,https://www.loeicity.go.th/
82,03200701,เทศบาลนครแหลมฉบัง,เทศบาลนคร,ศรีราชา,ชลบุรี,ตะวันออก,https://www.lcb.go.th/event.php
83,04110402,เทศบาลเมืองลัดหลวง,เทศบาลเมือง,พระประแดง,สมุทรปราการ,กลาง,https://www.ladluang.go.th/th
84,04900103,เทศบาลเมืองเขารูปช้าง,เทศบาลเมือง,เมืองสงขลา,สงขลา,ใต้,https://www.krc.go.th/event.php
85,04810102,เทศบาลเมืองกระบี่,เทศบาลเมือง,เมืองกระบี่,กระบี่,ใต้,https://www.krabicity.go.th/event.php
86,04620102,เทศบาลเมืองกำแพงเพชร,เทศบาลเมือง,เมืองกำแพงเพชร,กำแพงเพชร,กลาง,https://www.kppmu.go.th/home
87,04900901,เทศบาลเมืองกำแพงเพชร,เทศบาลเมือง,รัตภูมิ,สงขลา,ใต้,https://www.kppmu.go.th/home
88,03300102,เทศบาลนครนครราชสีมา,เทศบาลนคร,เมืองนครราชสีมา,นครราชสีมา,ตะวันออกเฉียงเหนือ,https://www.koratcity.go.th/
89,04961001,เทศบาลเมืองสุไหงโก-ลก,เทศบาลเมือง,สุไหงโก-ลก,นราธิวาส,ใต้,https://www.kolokcity.go.th/
90,03840401,เทศบาลนครเกาะสมุย,เทศบาลนคร,เกาะสมุย,สุราษฎร์ธานี,ใต้,https://www.kohsamuicity.go.th/event.php
91,03400102,เทศบาลนครขอนแก่น,เทศบาลนคร,เมืองขอนแก่น,ขอนแก่น,ตะวันออกเฉียงเหนือ,https://www.kkmuni.go.th/
92,04901105,เทศบาลเมืองควนลัง,เทศบาลเมือง,หาดใหญ่,สงขลา,ใต้,https://www.khuanlang.go.th/_new/frontpage
93,04901104,เทศบาลเมืองคลองแห,เทศบาลเมือง,หาดใหญ่,สงขลา,ใต้,https://www.khlonghaecity.go.th/citizen_guide?cid=18
94,04160103,เทศบาลเมืองเขาสามยอด,เทศบาลเมือง,เมืองลพบุรี,ลพบุรี,กลาง,https://www.khaosamyod.go.th/event.php
95,04520103,เทศบาลเมืองเขลางค์นคร,เทศบาลเมือง,เมืองลำปาง,ลำปาง,เหนือ,https://www.kelangnakorn.go.th/
96,04920201,เทศบาลเมืองกันตัง,เทศบาลเมือง,กันตัง,ตรัง,ใต้,https://www.kantangcity.go.th/event.php
97,04190201,เทศบาลเมืองแก่งคอย,เทศบาลเมือง,แก่งคอย,สระบุรี,กลาง,https://www.kaengkhoi.go.th/event.php
98,03901101,เทศบาลนครหาดใหญ่,เทศบาลนคร,หาดใหญ่,สงขลา,ใต้,https://www.hatyaicity.go.th/intro_king/
99,04840301,เทศบาลเมืองดอนสัก,เทศบาลเมือง,ดอนสัก,สุราษฎร์ธานี,ใต้,https://www.donsakcity.go.th/intro
100,04340701,เทศบาลเมืองเดชอุดม,เทศบาลเมือง,เดชอุดม,อุบลราชธานี,ตะวันออกเฉียงเหนือ,https://www.detudomcity.go.th/
101,03500102,เทศบาลนครเชียงใหม่,เทศบาลนคร,เมืองเชียงใหม่,เชียงใหม่,เหนือ,https://www.cmcity.go.th/
102,03340102,เทศบาลนครอุบลราชธานี,เทศบาลนคร,เมืองอุบลราชธานี,อุบลราชธานี,ตะวันออกเฉียงเหนือ,https://www.cityub.go.th/2022/
103,04600301,เทศบาลเมืองชุมแสง,เทศบาลเมือง,ชุมแสง,นครสวรรค์,กลาง,https://www.chumsaeng.org/home
104,04860102,เทศบาลเมืองชุมพร,เทศบาลเมือง,เมืองชุมพร,ชุมพร,ใต้,https://www.chumphontown.go.th/
105,04310107,เทศบาลเมืองชุมเห็ด,เทศบาลเมือง,เมืองบุรีรัมย์,บุรีรัมย์,ตะวันออกเฉียงเหนือ,https://www.chumhedtown.go.th/index
106,03570102,เทศบาลนครเชียงราย,เทศบาลนคร,เมืองเชียงราย,เชียงราย,เหนือ,https://www.chiangraicity.go.th/event.php
107,04130302,เทศบาลเมืองบึงยี่โถ,เทศบาลเมือง,ธัญบุรี,ปทุมธานี,กลาง,https://www.buengyitho.go.th/
108,04380104,เทศบาลเมืองบึงกาฬ,เทศบาลเมือง,เมืองบึงกาฬ,บึงกาฬ,ตะวันออกเฉียงเหนือ,https://www.buengkhanml.go.th/home
109,04950201,เทศบาลเมืองเบตง,เทศบาลเมือง,เบตง,ยะลา,ใต้,https://www.betongcity.go.th/event.php
110,04120403,เทศบาลเมืองใหม่บางบัวทอง,เทศบาลเมือง,บางบัวทอง,นนทบุรี,กลาง,https://www.bbt.go.th/home
111,04400108,เทศบาลเมืองบ้านทุ่ม,เทศบาลเมือง,เมืองขอนแก่น,ขอนแก่น,ตะวันออกเฉียงเหนือ,https://www.banthum.go.th/main.php
112,04160601,เทศบาลเมืองบ้านหมี่,เทศบาลเมือง,บ้านหมี่,ลพบุรี,กลาง,https://www.banmi.go.th/home
113,04120103,เทศบาลเมืองบางศรีเมือง,เทศบาลเมือง,เมืองนนทบุรี,นนทบุรี,กลาง,https://www.bangsrimuang.go.th/
114,04120404,เทศบาลเมืองบางรักพัฒนา,เทศบาลเมือง,บางบัวทอง,นนทบุรี,กลาง,https://www.bangrakpattana.go.th/event.php
115,04660501,เทศบาลเมืองบางมูลนาก,เทศบาลเมือง,บางมูลนาก,พิจิตร,กลาง,https://www.bangmulnak.go.th/event.php
116,04120306,เทศบาลเมืองบางแม่นาง,เทศบาลเมือง,บางใหญ่,นนทบุรี,กลาง,https://www.bangmaenang.go.th/
117,04120402,เทศบาลเมืองบางคูรัด,เทศบาลเมือง,บางบัวทอง,นนทบุรี,กลาง,https://www.bangkurud.go.th/
118,04120201,เทศบาลเมืองบางกรวย,เทศบาลเมือง,บางกรวย,นนทบุรี,กลาง,https://www.bangkruaicity.go.th/
119,04120105,เทศบาลเมืองบางกร่าง,เทศบาลเมือง,เมืองนนทบุรี,นนทบุรี,กลาง,https://www.bangkrang.go.th/
120,04200201,เทศบาลเมืองบ้านบึง,เทศบาลเมือง,บ้านบึง,ชลบุรี,ตะวันออก,https://www.banbuengcity.go.th/%E0%B8%95%E0%B8%B4%E0%B8%94%E0%B8%95%E0%B9%88%E0%B8%AD%E0%B9%80%E0%B8%97%E0%B8%A8%E0%B8%9A%E0%B8%B2%E0%B8%A5
121,04150102,เทศบาลเมืองอ่างทอง,เทศบาลเมือง,เมืองอ่างทอง,อ่างทอง,กลาง,https://www.angthongcity.go.th/index.php
122,04200105,เทศบาลเมืองอ่างศิลา,เทศบาลเมือง,เมืองชลบุรี,ชลบุรี,ตะวันออก,https://www.angsilacity.go.th/landing-page
123,04370102,เทศบาลเมืองอำนาจเจริญ,เทศบาลเมือง,เมืองอำนาจเจริญ,อำนาจเจริญ,ตะวันออกเฉียงเหนือ,https://www.amnatcharoencity.go.th/index.php
124,04270401,เทศบาลเมืองวังน้ำเย็น,เทศบาลเมือง,วังน้ำเย็น,สระแก้ว,ตะวันออก,https://wangnamyencity.go.th/
125,04190202,เทศบาลเมืองทับกวาง,เทศบาลเมือง,แก่งคอย,สระบุรี,กลาง,https://tubkwang.go.th/main/
126,04710501,เทศบาลเมืองท่าเรือพระแท่น,เทศบาลเมือง,ท่ามะกา,กาญจนบุรี,ตะวันตก,https://trpcity.go.th/
127,04190102,เทศบาลเมืองสระบุรี,เทศบาลเมือง,เมืองสระบุรี,สระบุรี,กลาง,https://tmsbr.go.th/frontpage
128,04700504,เทศบาลเมืองท่าผา,เทศบาลเมือง,บ้านโป่ง,ราชบุรี,ตะวันตก,https://thapa.go.th/
129,04400501,เทศบาลเมืองชุมแพ,เทศบาลเมือง,ชุมแพ,ขอนแก่น,ตะวันออกเฉียงเหนือ,https://tessabanchumphae.go.th/public/
130,04110302,เทศบาลเมืองบางแก้ว,เทศบาลเมือง,บางพลี,สมุทรปราการ,กลาง,https://tambonbangkaew.go.th/public/
131,04960201,เทศบาลเมืองตากใบ,เทศบาลเมือง,ตากใบ,นราธิวาส,ใต้,https://takbaicity.go.th/intro
132,04720701,เทศบาลเมืองสองพี่น้อง,เทศบาลเมือง,สองพี่น้อง,สุพรรณบุรี,กลาง,https://songpeenongcity.org/
133,04130303,เทศบาลเมืองสนั่นรักษ์,เทศบาลเมือง,ธัญบุรี,ปทุมธานี,กลาง,https://snr.go.th/index/
134,04330102,เทศบาลเมืองศรีสะเกษ,เทศบาลเมือง,เมืองศรีสะเกษ,ศรีสะเกษ,ตะวันออกเฉียงเหนือ,https://sisakettownmunicipality.go.th/
135,04302001,เทศบาลเมืองสีคิ้ว,เทศบาลเมือง,สีคิ้ว,นครราชสีมา,ตะวันออกเฉียงเหนือ,https://sikhiotown.go.th/%e0%b8%ab%e0%b8%99%e0%b9%89%e0%b8%b2%e0%b9%81%e0%b8%a3%e0%b8%81/
136,04120104,เทศบาลเมืองไทรม้า,เทศบาลเมือง,เมืองนนทบุรี,นนทบุรี,กลาง,https://saima.go.th/event.php
137,04901001,เทศบาลเมืองสะเดา,เทศบาลเมือง,สะเดา,สงขลา,ใต้,https://sadaocity.go.th/content/board/5
138,04450102,เทศบาลเมืองร้อยเอ็ด,เทศบาลเมือง,เมืองร้อยเอ็ด,ร้อยเอ็ด,ตะวันออกเฉียงเหนือ,https://roietmunicipal.go.th/roiet/
139,04850102,เทศบาลเมืองระนอง,เทศบาลเมือง,เมืองระนอง,ระนอง,ใต้,https://ranongcity.go.th/frontpage
140,04250102,เทศบาลเมืองปราจีนบุรี,เทศบาลเมือง,เมืองปราจีนบุรี,ปราจีนบุรี,ตะวันออก,https://prachincity.go.th/
141,04110403,เทศบาลเมืองปู่เจ้าสมิงพราย,เทศบาลเมือง,พระประแดง,สมุทรปราการ,กลาง,https://poochaosamingprai.go.th/event.php
142,03650102,เทศบาลนครพิษณุโลก,เทศบาลนคร,เมืองพิษณุโลก,พิษณุโลก,กลาง,https://phsmun.go.th/intro_vote/
143,04120406,เทศบาลเมืองพิมลราช,เทศบาลเมือง,บางบัวทอง,นนทบุรี,กลาง,https://phimonrat.go.th/
144,04341901,เทศบาลเมืองพิบูลมังสาหาร,เทศบาลเมือง,พิบูลมังสาหาร,อุบลราชธานี,ตะวันออกเฉียงเหนือ,https://phibuncity.go.th/
145,04560102,เทศบาลเมืองพะเยา,เทศบาลเมือง,เมืองพะเยา,พะเยา,เหนือ,https://phayaocity.go.th/frontpage
146,04930102,เทศบาลเมืองพัทลุง,เทศบาลเมือง,เมืองพัทลุง,พัทลุง,ใต้,https://phatthalungcity.go.th/content/board/5
147,04200601,เทศบาลเมืองพนัสนิคม,เทศบาลเมือง,พนัสนิคม,ชลบุรี,ตะวันออก,https://phanatnikhomcity.go.th/
148,04110103,เทศบาลเมืองปากน้ำสมุทรปราการ,เทศบาลเมือง,เมืองสมุทรปราการ,สมุทรปราการ,กลาง,https://parknumsamutprakarn.go.th/public/
149,04710107,เทศบาลเมืองปากแพรก,เทศบาลเมือง,เมืองกาญจนบุรี,กาญจนบุรี,ตะวันตก,https://pakpraek.go.th/public/
150,03120601,เทศบาลนครปากเกร็ด,เทศบาลนคร,ปากเกร็ด,นนทบุรี,กลาง,https://pakkretcity.go.th/
151,04410103,เทศบาลเมืองโนนสูง-น้ำคำ,เทศบาลเมือง,เมืองอุดรธานี,อุดรธานี,ตะวันออกเฉียงเหนือ,https://nonsong-namkham.go.th/
152,04200401,เทศบาลเมืองหนองปรือ,เทศบาลเมือง,บางละมุง,ชลบุรี,ตะวันออก,https://nongpruecity.go.th/intro1/
153,04430102,เทศบาลเมืองหนองคาย,เทศบาลเมือง,เมืองหนองคาย,หนองคาย,ตะวันออกเฉียงเหนือ,https://nongkhaimunicipality.go.th/event.php
154,04550102,เทศบาลเมืองน่าน,เทศบาลเมือง,เมืองน่าน,น่าน,เหนือ,https://nancity.go.th/frontpage
155,03120102,เทศบาลนครนนทบุรี,เทศบาลนคร,เมืองนนทบุรี,นนทบุรี,กลาง,https://nakornnont.go.th/event.php
156,04480102,เทศบาลเมืองนครพนม,เทศบาลเมือง,เมืองนครพนม,นครพนม,ตะวันออกเฉียงเหนือ,https://nakonphanomcity.go.th/frontpage
157,03730102,เทศบาลนครนครปฐม,เทศบาลนคร,เมืองนครปฐม,นครปฐม,กลาง,https://nakhonpathomcity.go.th/
158,04901509,เทศบาลเมืองม่วงงาม,เทศบาลเมือง,สิงหนคร,สงขลา,ใต้,https://mungngam-sk.go.th/frontpage
159,04170102,เทศบาลเมืองสิงห์บุรี,เทศบาลเมือง,เมืองสิงห์บุรี,สิงห์บุรี,กลาง,https://muangsing.go.th/event.php
160,04110113,เทศบาลเมืองแพรกษา,เทศบาลเมือง,เมืองสมุทรปราการ,สมุทรปราการ,กลาง,https://muangpreaksa.go.th/
161,04700204,เทศบาลเมืองจอมพล,เทศบาลเมือง,จอมบึง,ราชบุรี,ตะวันตก,https://muangchomphon.go.th/frontpage
162,04220104,เทศบาลเมืองจันทนิมิต,เทศบาลเมือง,เมืองจันทบุรี,จันทบุรี,ตะวันออก,https://muangchanthanimit.go.th/
163,04440102,เทศบาลเมืองมหาสารคาม,เทศบาลเมือง,เมืองมหาสารคาม,มหาสารคาม,ตะวันออกเฉียงเหนือ,https://main.mkm.go.th/
164,04141101,เทศบาลเมืองลำตาเสา,เทศบาลเมือง,วังน้อย,พระนครศรีอยุธยา,กลาง,https://lamtasao.go.th/
165,04130602,เทศบาลเมืองลำสามแก้ว,เทศบาลเมือง,ลำลูกกา,ปทุมธานี,กลาง,https://lamsamkaeo.go.th/
166,04510102,เทศบาลเมืองลำพูน,เทศบาลเมือง,เมืองลำพูน,ลำพูน,เหนือ,https://lamphuncity.go.th/
167,03520102,เทศบาลนครลำปาง,เทศบาลนคร,เมืองลำปาง,ลำปาง,เหนือ,https://lampangcity.go.th/th
168,04130603,เทศบาลเมืองลาดสวาย,เทศบาลเมือง,ลำลูกกา,ปทุมธานี,กลาง,https://ladsawai.go.th/public/
169,04740202,เทศบาลเมืองกระทุ่มแบน,เทศบาลเมือง,กระทุ่มแบน,สมุทรสาคร,กลาง,https://ktb.go.th/
170,04730602,เทศบาลเมืองกระทุ่มล้ม,เทศบาลเมือง,สามพราน,นครปฐม,กลาง,https://krathumlom.go.th/
171,04400903,เทศบาลเมืองกระนวน,เทศบาลเมือง,กระนวน,ขอนแก่น,ตะวันออกเฉียงเหนือ,https://kranuancity.go.th/public/
172,04130601,เทศบาลเมืองคูคต,เทศบาลเมือง,ลำลูกกา,ปทุมธานี,กลาง,https://khukhot.go.th/
173,04901103,เทศบาลเมืองคอหงส์,เทศบาลเมือง,หาดใหญ่,สงขลา,ใต้,https://khohongcity.go.th/frontpage
174,04220201,เทศบาลเมืองขลุง,เทศบาลเมือง,ขลุง,จันทบุรี,ตะวันออก,https://khlungcity.go.th/
175,04740205,เทศบาลเมืองคลองมะเดื่อ,เทศบาลเมือง,กระทุ่มแบน,สมุทรสาคร,กลาง,https://khlongmaduea.go.th/
176,04130202,เทศบาลเมืองคลองหลวง,เทศบาลเมือง,คลองหลวง,ปทุมธานี,กลาง,https://khlongluang.go.th/
177,04830202,เทศบาลเมืองกะทู้,เทศบาลเมือง,กะทู้,ภูเก็ต,ใต้,https://kathucity.go.th/event.php
178,04330401,เทศบาลเมืองกันทรลักษ์,เทศบาลเมือง,กันทรลักษ์,ศรีสะเกษ,ตะวันออกเฉียงเหนือ,https://kantharalak.go.th/
179,04340107,เทศบาลเมืองแจระแม,เทศบาลเมือง,เมืองอุบลราชธานี,อุบลราชธานี,ตะวันออกเฉียงเหนือ,https://jaeramair.go.th/
180,04901102,เทศบาลเมืองบ้านพรุ,เทศบาลเมือง,หาดใหญ่,สงขลา,ใต้,https://encrypted-tbn0.gstatic.com/images?q=tbn:ANd9GcSvfAXzTRcXgwuiKUIU3Sg_JdCpE3AM-MV83w&s
181,04360102,เทศบาลเมืองชัยภูมิ,เทศบาลเมือง,เมืองชัยภูมิ,ชัยภูมิ,ตะวันออกเฉียงเหนือ,https://cyptm.go.th/frontpage
182,04200102,เทศบาลเมืองชลบุรี,เทศบาลเมือง,เมืองชลบุรี,ชลบุรี,ตะวันออก,https://chonburicity.go.th/
183,03200703,เทศบาลนครเจ้าพระยาสุรศักดิ์,เทศบาลนคร,ศรีราชา,ชลบุรี,ตะวันออก,https://chaoprayasurasak.go.th/
184,04220102,เทศบาลเมืองจันทบุรี,เทศบาลเมือง,เมืองจันทบุรี,จันทบุรี,ตะวันออก,https://chanmunic.go.th/
185,04301201,เทศบาลเมืองบัวใหญ่,เทศบาลเมือง,บัวใหญ่,นครราชสีมา,ตะวันออกเฉียงเหนือ,https://buayaicity.go.th/
186,04700501,เทศบาลเมืองบ้านโป่ง,เทศบาลเมือง,บ้านโป่ง,ราชบุรี,ตะวันตก,https://banpong.go.th/
187,04140602,เทศบาลเมืองบ้านกรด,เทศบาลเมือง,บางปะอิน,พระนครศรีอยุธยา,กลาง,https://bankrod.go.th/public/
188,04850108,เทศบาลเมืองบางริ้น,เทศบาลเมือง,เมืองระนอง,ระนอง,ใต้,https://bangrin.go.th/
189,04130103,เทศบาลเมืองบางคูวัด,เทศบาลเมือง,เมืองปทุมธานี,ปทุมธานี,กลาง,https://bangkhuwat.go.th/frontpage
190,04130110,เทศบาลเมืองบางกะดี,เทศบาลเมือง,เมืองปทุมธานี,ปทุมธานี,กลาง,https://bangkadi.go.th/frontpage
191,04411101,เทศบาลเมืองบ้านดุง,เทศบาลเมือง,บ้านดุง,อุดรธานี,ตะวันออกเฉียงเหนือ,https://bandungcity.go.th/
192,04210201,เทศบาลเมืองบ้านฉาง,เทศบาลเมือง,บ้านฉาง,ระยอง,ตะวันออก,https://banchangcity.go.th/
193,03140102,เทศบาลนครพระนครศรีอยุธยา,เทศบาลนคร,พระนครศรีอยุธยา,พระนครศรีอยุธยา,กลาง,https://ayutthayacity.go.th/event.php
194,04140103,เทศบาลเมืองอโยธยา,เทศบาลเมือง,พระนครศรีอยุธยา,พระนครศรีอยุธยา,กลาง,https://ayothaya.go.th/
195,04270601,เทศบาลเมืองอรัญประเทศ,เทศบาลเมือง,อรัญประเทศ,สระแก้ว,ตะวันออก,https://arancity.go.th/
196,04750102,เทศบาลเมืองสมุทรสงคราม,เทศบาลเมือง,เมืองสมุทรสงคราม,สมุทรสงคราม,กลาง,http://www.smsk-city.go.th/
197,04400115,เทศบาลเมืองศิลา,เทศบาลเมือง,เมืองขอนแก่น,ขอนแก่น,ตะวันออกเฉียงเหนือ,http://www.sila-kk.go.th/
198,04200901,เทศบาลเมืองสัตหีบ,เทศบาลเมือง,สัตหีบ,ชลบุรี,ตะวันออก,http://www.sattahipmunicipality.go.th/
199,04700102,เทศบาลเมืองราชบุรี,เทศบาลเมือง,เมืองราชบุรี,ราชบุรี,ตะวันตก,http://www.rbm.go.th/index.php
200,04190901,เทศบาลเมืองพระพุทธบาท,เทศบาลเมือง,พระพุทธบาท,สระบุรี,กลาง,http://www.praphutthabat.go.th/index.php
201,04770102,เทศบาลเมืองประจวบคีรีขันธ์,เทศบาลเมือง,เมืองประจวบคีรีขันธ์,ประจวบคีรีขันธ์,ตะวันตก,http://www.prachuapcity.go.th/
202,04110401,เทศบาลเมืองพระประแดง,เทศบาลเมือง,พระประแดง,สมุทรปราการ,กลาง,http://www.phrapradaeng.org/
203,04760102,เทศบาลเมืองเพชรบุรี,เทศบาลเมือง,เมืองเพชรบุรี,เพชรบุรี,ตะวันตก,http://www.phetchaburicity.go.th/home/index.php
204,04901002,เทศบาลเมืองปาดังเบซาร์,เทศบาลเมือง,สะเดา,สงขลา,ใต้,http://www.padangbezarcity.go.th/content/board/5
205,04401201,เทศบาลเมืองเมืองพล,เทศบาลเมือง,พล,ขอนแก่น,ตะวันออกเฉียงเหนือ,http://www.muangphon.go.th/th/
206,04501401,เทศบาลเมืองแม่โจ้,เทศบาลเมือง,สันทราย,เชียงใหม่,เหนือ,http://www.maejocity.go.th/home.php
207,04500103,เทศบาลเมืองแม่เหียะ,เทศบาลเมือง,เมืองเชียงใหม่,เชียงใหม่,เหนือ,http://www.maehia.go.th/
208,04670301,เทศบาลเมืองหล่มสัก,เทศบาลเมือง,หล่มสัก,เพชรบูรณ์,กลาง,http://www.lomsak.go.th/information3.php
209,04860401,เทศบาลเมืองหลังสวน,เทศบาลเมือง,หลังสวน,ชุมพร,ใต้,http://www.langsuancity.go.th/
210,04460102,เทศบาลเมืองกาฬสินธุ์,เทศบาลเมือง,เมืองกาฬสินธุ์,กาฬสินธุ์,ตะวันออกเฉียงเหนือ,http://www.kalasin-mu.go.th/
211,04180102,เทศบาลเมืองชัยนาท,เทศบาลเมือง,เมืองชัยนาท,ชัยนาท,กลาง,http://www.chainatcity.go.th/
212,04760401,เทศบาลเมืองชะอำ,เทศบาลเมือง,ชะอำ,เพชรบุรี,ตะวันตก,http://www.cha-amcity.go.th/
213,04401001,เทศบาลเมืองบ้านไผ่,เทศบาลเมือง,บ้านไผ่,ขอนแก่น,ตะวันออกเฉียงเหนือ,http://www.banphaicity.go.th/
214,04420901,เทศบาลเมืองวังสะพุง,เทศบาลเมือง,วังสะพุง,เลย,ตะวันออกเฉียงเหนือ,http://wangsaphung.go.th/
215,04730111,เทศบาลเมืองสามควายเผือก,เทศบาลเมือง,เมืองนครปฐม,นครปฐม,กลาง,http://samkwaipuak.go.th/
216,04730116,เทศบาลเมืองนครปฐม,เทศบาลเมือง,เมืองนครปฐม,นครปฐม,กลาง,http://npt.go.th/
217,04490102,เทศบาลเมืองมุกดาหาร,เทศบาลเมือง,เมืองมุกดาหาร,มุกดาหาร,ตะวันออกเฉียงเหนือ,http://muangmuk.go.th/home/
218,04460502,เทศบาลเมืองกุฉินารายณ์,เทศบาลเมือง,กุฉินารายณ์,กาฬสินธุ์,ตะวันออกเฉียงเหนือ,https://www.kuchinarai-municipality.go.th/
219,04400103,เทศบาลเมืองบ้านเป็ด,เทศบาลเมือง,เมืองขอนแก่น,ขอนแก่น,ตะวันออกเฉียงเหนือ,https://www.banped.go.th/
220,04220109,เทศบาลเมืองเกาะขวาง,เทศบาลเมือง,เมืองจันทบุรี,จันทบุรี,ตะวันออก,https://www.kohkwang.go.th/event
221,04200110,เทศบาลเมืองดอนหัวฬ่อ,เทศบาลเมือง,เมืองชลบุรี,ชลบุรี,ตะวันออก,https://www.dhr.go.th/
222,03200104,เทศบาลนครบ้านสวน,เทศบาลนคร,เมืองชลบุรี,ชลบุรี,ตะวันออก,https://www.bansuan.go.th/
223,04860103,เทศบาลเมืองท่ายาง,เทศบาลเมือง,เมืองชุมพร,ชุมพร,ใต้,https://tayangcity.go.th/frontpage
224,04500705,เทศบาลเมืองดอนแก้ว,เทศบาลเมือง,แม่ริม,เชียงใหม่,เหนือ,https://donkaewsarapee.go.th/
225,04500107,เทศบาลเมืองสุเทพ,เทศบาลเมือง,เมืองเชียงใหม่,เชียงใหม่,เหนือ,http://www.suthep.go.th/
226,04730702,เทศบาลเมืองคลองโยง,เทศบาลเมือง,พุทธมณฑล,นครปฐม,กลาง,https://www.khlongyong.go.th/contactus
227,04800903,เทศบาลเมืองชะมาย,เทศบาลเมือง,ทุ่งสง,นครศรีธรรมราช,ใต้,https://www.chamai.go.th/index.php
228,04600401,เทศบาลเมืองหนองบัว,เทศบาลเมือง,หนองบัว,นครสวรรค์,กลาง,https://www.nongbuamuni.go.th/event.php
229,04120301,เทศบาลเมืองบ้านบางม่วง,เทศบาลเมือง,บางใหญ่,นนทบุรี,กลาง,https://baanbangmoung.go.th/
230,04120607,เทศบาลเมืองบางพลับ,เทศบาลเมือง,ปากเกร็ด,นนทบุรี,กลาง,https://bangplub.go.th/
231,04120203,เทศบาลเมืองศาลากลาง,เทศบาลเมือง,บางกรวย,นนทบุรี,กลาง,https://salaklang.go.th/event.php
232,04120302,เทศบาลเมืองบางเลน,เทศบาลเมือง,บางใหญ่,นนทบุรี,กลาง,https://www.banglane.go.th/
233,04120303,เทศบาลเมืองเสาธงหิน,เทศบาลเมือง,บางใหญ่,นนทบุรี,กลาง,https://www.sth.go.th/
234,04120305,เทศบาลเมืองบางใหญ่,เทศบาลเมือง,บางใหญ่,นนทบุรี,กลาง,https://bangyaimunicipality.go.th/
235,03120401,เทศบาลนครบางบัวทอง,เทศบาลนคร,บางบัวทอง,นนทบุรี,กลาง,https://buathongcity.go.th/event.php
236,04120202,เทศบาลเมืองปลายบาง,เทศบาลเมือง,บางกรวย,นนทบุรี,กลาง,https://plaibang.go.th/
237,03310102,เทศบาลนครบุรีรัมย์,เทศบาลนคร,เมืองบุรีรัมย์,บุรีรัมย์,ตะวันออกเฉียงเหนือ,https://www.buriramcity.go.th/
238,04310108,เทศบาลเมืองบ้านบัว,เทศบาลเมือง,เมืองบุรีรัมย์,บุรีรัมย์,ตะวันออกเฉียงเหนือ,http://www.banbua.go.th/index.php
239,04310701,เทศบาลเมืองประโคนชัย,เทศบาลเมือง,ประโคนชัย,บุรีรัมย์,ตะวันออกเฉียงเหนือ,https://prakhonchai.go.th/I_Board_Manager.php
240,04311002,เทศบาลเมืองลำปลายมาศ,เทศบาลเมือง,ลำปลายมาศ,บุรีรัมย์,ตะวันออกเฉียงเหนือ,https://www.lamplaimat.go.th/
241,03770701,เทศบาลนครหัวหิน,เทศบาลนคร,หัวหิน,ประจวบคีรีขันธ์,ตะวันตก,https://www.huahin.go.th/new/frontpage
242,04940103,เทศบาลเมืองรูสะมิแล,เทศบาลเมือง,เมืองปัตตานี,ปัตตานี,ใต้,https://www.rusamilae.go.th/index.php
243,04140401,เทศบาลเมืองบางไทร,เทศบาลเมือง,บางไทร,พระนครศรีอยุธยา,กลาง,https://bangsai.go.th/
244,04141203,เทศบาลเมืองเจ้าเจ็ด,เทศบาลเมือง,เสนา,พระนครศรีอยุธยา,กลาง,https://jaojed.go.th/
245,04140604,เทศบาลเมืองบ้านสร้าง,เทศบาลเมือง,บางปะอิน,พระนครศรีอยุธยา,กลาง,http://bansangcity.go.th/index.php
246,04820402,เทศบาลเมืองโคกกลอย,เทศบาลเมือง,ตะกั่วทุ่ง,พังงา,ใต้,https://www.khokkloy.go.th/frontpage
247,03210103,เทศบาลนครมาบตาพุด,เทศบาลนคร,เมืองระยอง,ระยอง,ตะวันออก,https://www.maptaphutcity.go.th/frontpage
248,04210801,เทศบาลเมืองนิคมพัฒนา,เทศบาลเมือง,นิคมพัฒนา,ระยอง,ตะวันออก,https://nikhomphatthanacity.go.th/
249,04210802,เทศบาลเมืองมะขามคู่,เทศบาลเมือง,นิคมพัฒนา,ระยอง,ตะวันออก,https://makhamkhu.go.th/
250,04210107,เทศบาลเมืองเนินพระ,เทศบาลเมือง,เมืองระยอง,ระยอง,ตะวันออก,https://noenphracity.go.th/contactus
251,04520802,เทศบาลเมืองล้อมแรด,เทศบาลเมือง,เถิน,ลำปาง,เหนือ,https://www.lomrad.go.th/
252,04740113,เทศบาลเมืองพันท้ายนรสิงห์,เทศบาลเมือง,เมืองสมุทรสาคร,สมุทรสาคร,กลาง,https://pantainorasingh.go.th/public/
253,04640904,เทศบาลเมืองกลางดง,เทศบาลเมือง,ทุ่งเสลี่ยม,สุโขทัย,กลาง,https://www.klangdong.go.th/
254,04640102,เทศบาลเมืองสุโขทัยธานี,เทศบาลเมือง,เมืองสุโขทัย,สุโขทัย,กลาง,https://www.sktmun.go.th/
255,04841503,เทศบาลเมืองเวียงสระ,เทศบาลเมือง,เวียงสระ,สุราษฎร์ธานี,ใต้,https://www.wiangsacity.go.th/intro
256,04340504,เทศบาลเมืองเทพวงศา,เทศบาลเมือง,เขมราฐ,อุบลราชธานี,ตะวันออกเฉียงเหนือ,https://thepwongsa.go.th/index.php?fontstyle=f-smaller